name,
Acting,
Astronomy,
Archery,
Arts,
Astrology,
Astronomy,
Backgammon,
Badminton,
Baseball,
Basketball,
Bicycling,
Board Games,
Boating,
Bowling,
Brewing Beer,
Camping,
Chess,
Cooking,
Crafts,
Crossword Puzzles,
Dancing,
Darts,
Dodgeball,
Electronics,
Fencing,
Fishing,
Football,
Four Wheeling,
Frisbee Golf,
Gardening,
Golf,
Guitar,
Hang gliding,
Hiking,
Horse Riding,
Impersonations,
Internet,
Jigsaw Puzzles,
Juggling,
Jump Roping,
Kayaking,
Kites,
Kite Boarding,
Knitting,
Lasers,
Legos,
Magic,
Martial Arts,
Meditation,
Motorcycles,
Mountain Biking,
Mountain Climbing,
Musical Instruments,
Origami,
Painting,
Paintball,
Parachuting,
Photography,
Piano,
Pottery,
Rafting,
Robotics,
Running,
Skiing,
Skateboarding,
Sketching,
Sky Diving,
Slingshots,
Snorkeling,
Snowboarding,
Soccer,
Surfing,
Swimming,
Tennis,
Tetris,
Traveling,
Ultimate Frisbee,
Video Games,
Violin,
Volunteering,
Walking,
Windsurfing,
Writing,
Yoga,
Poker,
